id|name|type|user_id
0e42c54a-1931-42c0-befc-c0dc05164266|book1|BOOKS|024bf94b-21c0-4af3-827f-0519f6907bdb
4f4a0c21-4b38-413f-bf10-870ade1903f2|book2|BOOKS|024bf94b-21c0-4af3-827f-0519f6907bdb
5662a4a5-6c1c-482f-b03c-e98bed3f72f8|book3|BOOKS|024bf94b-21c0-4af3-827f-0519f6907bdb
237c5597-3228-4be3-9ebc-647a2a562d20|book4|BOOKS|024bf94b-21c0-4af3-827f-0519f6907bdb
842a71a5-fa72-422c-9346-d975a5dfe652|book5|BOOKS|024bf94b-21c0-4af3-827f-0519f6907bdb
67b38ff3-8f5b-487c-88e7-50dc1410d403|book6|BOOKS|024bf94b-21c0-4af3-827f-0519f6907bdb
adb62918-7d04-4877-8504-48ec129f9132|book7|BOOKS|024bf94b-21c0-4af3-827f-0519f6907bdb
8b04fae1-ffdc-4a8a-82bd-5da13eb79112|book8|BOOKS|024bf94b-21c0-4af3-827f-0519f6907bdb
dd22b359-06ce-44e3-9ad8-61a32d52b38f|book9|BOOKS|024bf94b-21c0-4af3-827f-0519f6907bdb
fa97ecd1-6084-4189-b005-0b3e673cc4b6|book10|BOOKS|024bf94b-21c0-4af3-827f-0519f6907bdb
af316b68-706b-42d6-8482-1f92166d45b5|book11|BOOKS|024bf94b-21c0-4af3-827f-0519f6907bdb
bdd021e4-675c-429f-aaab-2de52f52167a|book12|BOOKS|024bf94b-21c0-4af3-827f-0519f6907bdb
3f521990-5b03-4a3e-a034-46cd3de38f84|book13|BOOKS|024bf94b-21c0-4af3-827f-0519f6907bdb
789df93b-a8f1-4005-842c-90a971870a5d|book14|BOOKS|024bf94b-21c0-4af3-827f-0519f6907bdb
87e633a9-b570-43da-9c82-5462ff1a4f35|book15|BOOKS|024bf94b-21c0-4af3-827f-0519f6907bdb
a034efba-12f7-4b44-8b96-31ff17d75983|book16|BOOKS|024bf94b-21c0-4af3-827f-0519f6907bdb
b2c1a0a1-f5b3-465e-881a-9ac9659f85cd|book17|BOOKS|024bf94b-21c0-4af3-827f-0519f6907bdb
268a6c8b-bc82-4d74-b7f9-2f866cc4a6f9|book18|BOOKS|024bf94b-21c0-4af3-827f-0519f6907bdb
b6d24f7a-3d9e-48a1-8e64-6c8005e69299|book19|BOOKS|024bf94b-21c0-4af3-827f-0519f6907bdb
2536469b-94a4-4aa7-aa81-4965282af93c|book20|BOOKS|024bf94b-21c0-4af3-827f-0519f6907bdb
ed482379-71cf-4087-b321-7c68d5fe5565|music1|MUSIC|024bf94b-21c0-4af3-827f-0519f6907bdb
ec940889-fb9f-45a9-afa5-7935c79a4a89|music2|MUSIC|024bf94b-21c0-4af3-827f-0519f6907bdb
6a274d0d-86b6-45f3-a348-b14fc67a149a|music3|MUSIC|024bf94b-21c0-4af3-827f-0519f6907bdb
8324d87e-db34-4186-8518-8c44f8863d99|music4|MUSIC|024bf94b-21c0-4af3-827f-0519f6907bdb
ed7f1dec-fc26-46b6-8359-acf8c7337ca9|music5|MUSIC|024bf94b-21c0-4af3-827f-0519f6907bdb
e02d17a7-d4aa-4dcd-a12f-a3478d08cceb|music6|MUSIC|024bf94b-21c0-4af3-827f-0519f6907bdb
686211a3-e980-4054-915c-eab25aa49d1d|music7|MUSIC|024bf94b-21c0-4af3-827f-0519f6907bdb
1632a0c9-ad43-4bc3-86dd-b69808914320|music8|MUSIC|024bf94b-21c0-4af3-827f-0519f6907bdb
415681c4-20e2-4e63-a2cb-3c769f67d298|music9|MUSIC|024bf94b-21c0-4af3-827f-0519f6907bdb
174f19ac-48a3-4dbc-ae3d-32b271b5700b|music10|MUSIC|024bf94b-21c0-4af3-827f-0519f6907bdb
210ee926-0118-4aa2-a746-fa35516a6376|music11|MUSIC|024bf94b-21c0-4af3-827f-0519f6907bdb
7c252645-e42f-4fae-960f-d9f069a8ee3f|music12|MUSIC|024bf94b-21c0-4af3-827f-0519f6907bdb
27a319a9-7230-4479-ac46-5b7437c8f8ff|music13|MUSIC|024bf94b-21c0-4af3-827f-0519f6907bdb
9dcaab06-f81a-4632-8736-afb786b8ff79|music14|MUSIC|024bf94b-21c0-4af3-827f-0519f6907bdb
5f275dda-6ae7-4ad1-ae21-3793af68001a|music15|MUSIC|024bf94b-21c0-4af3-827f-0519f6907bdb
fdce23df-34ac-4e8d-b3d0-08c04a9dc254|music16|MUSIC|024bf94b-21c0-4af3-827f-0519f6907bdb
80a68615-5ad1-4111-9134-37db1aac9a93|music17|MUSIC|024bf94b-21c0-4af3-827f-0519f6907bdb
96789d04-a693-4388-b91f-bc667f017c10|music18|MUSIC|024bf94b-21c0-4af3-827f-0519f6907bdb
43612ba1-6846-4108-94e6-5556cf954b67|music19|MUSIC|024bf94b-21c0-4af3-827f-0519f6907bdb
f4479300-8f90-46bc-87ac-66942ef97a7c|music20|MUSIC|024bf94b-21c0-4af3-827f-0519f6907bdb
bb8e2684-f66c-471e-84f7-4e9de17d7579|game1|GAMES|024bf94b-21c0-4af3-827f-0519f6907bdb
06a9b676-d3aa-4551-856d-0760b4ee68ae|game2|GAMES|024bf94b-21c0-4af3-827f-0519f6907bdb
795ac064-0e74-49fb-a699-2eac4a7f1569|game3|GAMES|024bf94b-21c0-4af3-827f-0519f6907bdb
3351f12b-dacb-4d7c-99d1-9cfe72c8b21b|game4|GAMES|024bf94b-21c0-4af3-827f-0519f6907bdb
b126f534-8fe8-4aef-a136-ce99b8780b69|game5|GAMES|024bf94b-21c0-4af3-827f-0519f6907bdb
90dc1e15-49df-4c2a-9060-bfe38566ca35|game6|GAMES|024bf94b-21c0-4af3-827f-0519f6907bdb
10e609ed-680d-4629-b48c-8cf6951678e7|game7|GAMES|024bf94b-21c0-4af3-827f-0519f6907bdb
25060ac4-aa76-4cdd-bf13-fdd7a3435494|game8|GAMES|024bf94b-21c0-4af3-827f-0519f6907bdb
3e48a8ec-8412-4e1b-b52c-8fab9090ef0b|game9|GAMES|024bf94b-21c0-4af3-827f-0519f6907bdb
784a4c78-9e7a-4678-9ae2-cf4495afc30b|game10|GAMES|024bf94b-21c0-4af3-827f-0519f6907bdb
c83c841a-f203-4803-9702-974877797ed0|game11|GAMES|024bf94b-21c0-4af3-827f-0519f6907bdb
2370fe2a-2b62-4bc8-97fe-ecbe99e0c7b3|game12|GAMES|024bf94b-21c0-4af3-827f-0519f6907bdb
fd03d5e6-0d28-4b9a-bcbe-40c73f2977dc|game13|GAMES|024bf94b-21c0-4af3-827f-0519f6907bdb
2f602ad4-c422-4b95-9349-265f32995cbe|game14|GAMES|024bf94b-21c0-4af3-827f-0519f6907bdb
3d3b7ba3-6f2b-4ef6-8ea4-6a592516eb90|game15|GAMES|024bf94b-21c0-4af3-827f-0519f6907bdb
daecb77a-9f01-46e9-ad05-559d6f442af3|game16|GAMES|024bf94b-21c0-4af3-827f-0519f6907bdb
435d95c6-d5ba-45a8-af30-2482744292f7|game17|GAMES|024bf94b-21c0-4af3-827f-0519f6907bdb
dfc99bee-5905-452a-8d02-4c5e609dcd4e|game18|GAMES|024bf94b-21c0-4af3-827f-0519f6907bdb
eaf2bcff-c5f2-4492-95b5-f6d05d17e583|game19|GAMES|024bf94b-21c0-4af3-827f-0519f6907bdb
a7ecf10a-bef8-4a37-a394-8714ea0774d1|game20|GAMES|024bf94b-21c0-4af3-827f-0519f6907bdb